municipality,girls_perc,boys_perc,year,latitude,longitude
Ale,2.4,6.2,2016,57.910200000000025,12.07714
Ale,1.3,4.4,2020,57.910200000000025,12.07714
Alingsås,1.7,3.9,2016,57.96326056338028,12.53102253521129
Alingsås,2.7,5.4,2020,57.96326056338028,12.53102253521129
Älmhult,1.5,3.6,2016,56.586135714285724,14.183732142857147
Älmhult,1.7,4.1,2020,56.586135714285724,14.183732142857147
Älvdalen,2.2,3.8,2016,61.14940666666668,14.249459999999997
Älvdalen,4.4,7.2,2020,61.14940666666668,14.249459999999997
Alvesta,1.4,3.5,2016,56.913387500000006,14.542166666666672
Alvesta,2.2,4.3,2020,56.913387500000006,14.542166666666672
Älvkarleby,4.0,13.6,2016,60.61994,17.421039999999998
Älvkarleby,4.0,9.9,2020,60.61994,17.421039999999998
Älvkarleby,4.0,9.9,2020,60.61994,17.421039999999998
Älvsbyn,2.3,5.8,2016,65.6549111111111,21.020538888888886
Älvsbyn,3.6,8.8,2020,65.6549111111111,21.020538888888886
Åmål,2.3,3.7,2016,58.999085000000015,12.731180000000002
Åmål,3.2,5.8,2020,58.999085000000015,12.731180000000002
Aneby,,6.0,2016,57.823475,14.806981250000002
Aneby,2.7,6.0,2020,57.823475,14.806981250000002
Ånge,3.1,5.9,2016,62.51149999999999,15.68732857142857
Ånge,2.8,7.1,2020,62.51149999999999,15.68732857142857
Ängelholm,1.7,4.2,2016,56.242165079365066,12.874739682539673
Ängelholm,2.6,5.8,2020,56.242165079365066,12.874739682539673
Arboga,2.0,4.4,2016,59.39940000000002,15.835293103448272
Arboga,3.3,5.5,2020,59.39940000000002,15.835293103448272
Åre,1.7,2.6,2016,63.34077272727273,13.334563636363633
Åre,2.1,3.3,2020,63.34077272727273,13.334563636363633
Årjäng,1.2,5.8,2016,59.40319411764706,12.141005882352939
Årjäng,2.6,5.7,2020,59.40319411764706,12.141005882352939
Arjeplog,,14.0,2016,65.89612857142856,17.983985714285716
Arjeplog,,13.4,2020,65.89612857142856,17.983985714285716
Arvidsjaur,4.0,8.5,2016,65.60641176470587,19.14634117647059
Arvidsjaur,4.8,10.0,2020,65.60641176470587,19.14634117647059
Arvika,1.8,4.6,2016,59.659662857142834,12.606579999999994
Arvika,2.8,4.6,2020,59.659662857142834,12.606579999999994
Åsele,4.0,,2016,64.06332,17.75
Åsele,6.3,13.6,2020,64.06332,17.75
Askersund,2.5,6.6,2016,58.87572500000001,14.94470416666667
Askersund,4.5,8.4,2020,58.87572500000001,14.94470416666667
Åstorp,3.8,7.5,2016,56.13393478260872,12.951708695652174
Åstorp,3.3,6.9,2020,56.13393478260872,12.951708695652174
Åtvidaberg,3.9,7.4,2016,58.208851851851826,15.963833333333339
Åtvidaberg,5.5,11.3,2020,58.208851851851826,15.963833333333339
Avesta,1.9,5.5,2016,60.15633695652175,16.182671739130416
Avesta,4.6,9.4,2020,60.15633695652175,16.182671739130416
Båstad,2.0,4.4,2016,56.40680882352939,12.849000000000004
Båstad,2.7,4.7,2020,56.40680882352939,12.849000000000004
Bengtsfors,2.6,4.0,2016,58.964730434782574,12.19355652173913
Bengtsfors,3.3,9.4,2020,58.964730434782574,12.19355652173913
Berg,1.9,3.1,2016,62.596471428571434,14.448614285714285
Berg,2.5,6.9,2020,62.596471428571434,14.448614285714285
Bjurholm,,6.8,2016,63.90954999999999,19.36459
Bjurholm,,6.9,2020,63.90954999999999,19.36459
Bjuv,1.6,7.8,2016,56.08461500000001,12.924405000000007
Bjuv,3.2,6.3,2020,56.08461500000001,12.924405000000007
Boden,4.0,6.0,2016,65.85036730769238,21.710119230769205
Boden,5.4,9.8,2020,65.85036730769238,21.710119230769205
Bollebygd,2.9,3.7,2016,57.69392499999998,12.607549999999998
Bollebygd,4.4,5.4,2020,57.69392499999998,12.607549999999998
Bollnäs,3.3,5.7,2016,61.33001224489791,16.44245306122449
Bollnäs,3.1,6.9,2020,61.33001224489791,16.44245306122449
Borås,0.9,2.8,2016,57.72441790123456,12.938402777777707
Borås,1.3,3.4,2020,57.72441790123456,12.938402777777707
Borgholm,,3.2,2016,56.88108333333337,16.658026666666657
Borgholm,1.3,4.4,2020,56.88108333333337,16.658026666666657
Borlänge,2.8,5.6,2016,60.48364558823525,15.431560294117636
Borlänge,3.7,7.2,2020,60.48364558823525,15.431560294117636
Botkyrka,3.9,6.8,2016,59.216769047619024,17.826766666666664
Botkyrka,4.7,9.1,2020,59.216769047619024,17.826766666666664
Botkyrka,4.7,9.1,2020,59.216769047619024,17.826766666666664
Boxholm,4.4,6.5,2016,58.17235999999998,15.06845333333333
Boxholm,,5.4,2020,58.17235999999998,15.06845333333333
Bräcke,,4.5,2016,62.814,15.717516666666668
Bräcke,,6.1,2020,62.814,15.717516666666668
Bromölla,2.9,8.9,2016,56.09811428571429,14.456800000000003
Bromölla,5.7,11.2,2020,56.09811428571429,14.456800000000003
Burlöv,2.1,4.1,2016,55.63815789473686,13.081847368421053
Burlöv,2.1,5.0,2020,55.63815789473686,13.081847368421053
Dals-Ed,2.5,5.1,2016,58.91250000000001,11.9253
Dals-Ed,3.4,8.8,2020,58.91250000000001,11.9253
Danderyd,1.7,3.7,2016,59.39920847457627,18.045937288135583
Danderyd,3.2,7.1,2020,59.39920847457627,18.045937288135583
Danderyd,3.2,7.1,2020,59.39920847457627,18.045937288135583
Degerfors,3.3,13.2,2016,59.20046190476192,14.465461904761908
Degerfors,4.3,11.2,2020,59.20046190476192,14.465461904761908
Dorotea,8.3,9.9,2016,64.34229411764706,16.307417647058823
Dorotea,8.5,11.3,2020,64.34229411764706,16.307417647058823
Eda,3.1,5.1,2016,59.860699999999994,12.2582
Eda,3.2,7.7,2020,59.860699999999994,12.2582
Ekerö,3.6,8.3,2016,59.313377500000016,17.785189999999993
Ekerö,5.6,9.1,2020,59.313377500000016,17.785189999999993
Ekerö,5.6,9.1,2020,59.313377500000016,17.785189999999993
Eksjö,1.8,4.5,2016,57.64966129032259,15.069729032258063
Eksjö,1.5,4.8,2020,57.64966129032259,15.069729032258063
Emmaboda,,2.4,2016,56.64527894736843,15.51745789473684
Emmaboda,,1.8,2020,56.64527894736843,15.51745789473684
Enköping,4.5,9.0,2016,59.645668253968296,17.10089841269843
Enköping,4.5,8.8,2020,59.645668253968296,17.10089841269843
Enköping,4.5,8.8,2020,59.645668253968296,17.10089841269843
Eskilstuna,2.3,5.2,2016,59.36073281250001,16.51063906250003
Eskilstuna,2.6,5.6,2020,59.36073281250001,16.51063906250003
Eslöv,4.5,6.5,2016,55.83295151515154,13.30019090909091
Eslöv,7.4,9.5,2020,55.83295151515154,13.30019090909091
Essunga,5.2,10.0,2016,58.18809999999999,12.716
Essunga,4.2,9.4,2020,58.18809999999999,12.716
Fagersta,3.5,8.7,2016,59.98356000000001,15.810206666666677
Fagersta,3.7,9.9,2020,59.98356000000001,15.810206666666677
Falkenberg,3.6,6.8,2016,56.911671999999996,12.559922000000002
Falkenberg,6.0,8.2,2020,56.911671999999996,12.559922000000002
Falköping,2.0,3.3,2016,58.138193877551025,13.548389795918368
Falköping,2.4,4.8,2020,58.138193877551025,13.548389795918368
Falun,2.7,6.4,2016,60.60930389610389,15.627106493506478
Falun,5.1,8.3,2020,60.60930389610389,15.627106493506478
Färgelanda,,6.2,2016,58.577557142857145,11.94875
Färgelanda,2.5,7.1,2020,58.577557142857145,11.94875
Filipstad,2.9,6.5,2016,59.70312,14.144959999999994
Filipstad,5.5,8.3,2020,59.70312,14.144959999999994
Finspång,1.4,3.9,2016,58.721284444444464,15.774244444444436
Finspång,1.6,5.2,2020,58.721284444444464,15.774244444444436
Flen,2.5,5.3,2016,59.0603148148148,16.59464814814816
Flen,3.2,6.5,2020,59.0603148148148,16.59464814814816
Forshaga,3.0,6.6,2016,59.564626315789475,13.464584210526317
Forshaga,5.3,6.7,2020,59.564626315789475,13.464584210526317
Gagnef,2.4,6.6,2016,60.4942,14.835116666666666
Gagnef,3.7,7.5,2020,60.4942,14.835116666666666
Gällivare,2.2,4.7,2016,67.14009999999999,20.777861538461536
Gällivare,4.2,5.5,2020,67.14009999999999,20.777861538461536
Gävle,4.6,9.7,2016,60.68316319018404,17.127273619631886
Gävle,4.2,9.9,2020,60.68316319018404,17.127273619631886
Gislaved,0.9,2.4,2016,57.25547446808512,13.531323404255305
Gislaved,2.2,4.7,2020,57.25547446808512,13.531323404255305
Gnesta,3.1,9.9,2016,59.069493333333334,17.29318666666667
Gnesta,6.1,12.9,2020,59.069493333333334,17.29318666666667
Gnosjö,,3.4,2016,57.35650000000002,13.73605882352941
Gnosjö,1.7,4.2,2020,57.35650000000002,13.73605882352941
Göteborg,1.3,3.6,2016,57.701752246603725,11.962127899686593
Göteborg,2.1,4.8,2020,57.701752246603725,11.962127899686593
Götene,3.2,8.0,2016,58.527742307692286,13.454565384615384
Götene,3.9,8.3,2020,58.527742307692286,13.454565384615384
Gotland,4.7,8.0,2016,57.61182236842104,18.332484210526346
Gotland,5.9,9.8,2020,57.61182236842104,18.332484210526346
Grästorp,3.8,8.1,2016,58.32193809523813,12.67415714285714
Grästorp,2.6,9.0,2020,58.32193809523813,12.67415714285714
Grums,2.8,6.2,2016,59.33993333333333,13.126093333333333
Grums,7.3,10.1,2020,59.33993333333333,13.126093333333333
Gullspång,4.6,7.1,2016,58.92280952380954,14.128823809523809
Gullspång,2.5,11.5,2020,58.92280952380954,14.128823809523809
Habo,1.7,4.9,2016,57.92327058823532,14.069270588235293
Habo,1.5,5.6,2020,57.92327058823532,14.069270588235293
Håbo,5.9,12.3,2016,59.56709999999999,17.527800000000006
Håbo,7.4,10.8,2020,59.56709999999999,17.527800000000006
Håbo,7.4,10.8,2020,59.56709999999999,17.527800000000006
Hagfors,2.2,5.9,2016,60.00183478260871,13.645491304347829
Hagfors,2.9,7.5,2020,60.00183478260871,13.645491304347829
Hällefors,2.0,5.3,2016,59.74730526315791,14.562852631578945
Hällefors,2.8,7.0,2020,59.74730526315791,14.562852631578945
Hallsberg,2.5,4.6,2016,59.052050000000044,15.156944117647058
Hallsberg,3.7,4.0,2020,59.052050000000044,15.156944117647058
Hallstahammar,2.4,5.4,2016,59.62515217391307,16.245873913043475
Hallstahammar,4.1,9.3,2020,59.62515217391307,16.245873913043475
Halmstad,3.3,7.3,2016,56.6919489795919,12.871739795918376
Halmstad,4.8,9.7,2020,56.6919489795919,12.871739795918376
Hammarö,2.3,2.5,2016,59.32795294117648,13.489594117647062
Hammarö,2.0,5.5,2020,59.32795294117648,13.489594117647062
Haninge,4.3,8.8,2016,59.14360875000002,18.144045
Haninge,4.9,8.9,2020,59.14360875000002,18.144045
Haninge,4.9,8.9,2020,59.14360875000002,18.144045
Haparanda,1.9,4.0,2016,65.84703333333334,24.021995238095233
Haparanda,3.8,7.2,2020,65.84703333333334,24.021995238095233
Härjedalen,,5.3,2016,62.17709166666669,13.936837499999996
Härjedalen,2.5,6.6,2020,62.17709166666669,13.936837499999996
Härnösand,2.5,5.4,2016,62.632463636363674,17.901793181818192
Härnösand,3.4,5.5,2020,62.632463636363674,17.901793181818192
Härryda,2.8,5.4,2016,57.6673930232558,12.171293023255815
Härryda,4.0,6.8,2020,57.6673930232558,12.171293023255815
Hässleholm,4.5,6.6,2016,56.151083333333354,13.746390277777772
Hässleholm,5.4,8.6,2020,56.151083333333354,13.746390277777772
Heby,2.8,10.3,2016,59.97749999999999,16.961472222222223
Heby,4.4,11.1,2020,59.97749999999999,16.961472222222223
Heby,4.4,11.1,2020,59.97749999999999,16.961472222222223
Hedemora,3.2,6.6,2016,60.30739600000002,15.979448000000001
Hedemora,3.8,7.6,2020,60.30739600000002,15.979448000000001
Helsingborg,1.1,3.2,2016,56.04175477178447,12.70498672199167
Helsingborg,2.0,3.7,2020,56.04175477178447,12.70498672199167
Herrljunga,2.7,6.7,2016,58.04254736842105,13.051926315789476
Herrljunga,1.9,9.3,2020,58.04254736842105,13.051926315789476
Hjo,2.3,6.9,2016,58.31084999999999,14.267577777777781
Hjo,3.5,6.6,2020,58.31084999999999,14.267577777777781
Hofors,4.7,9.4,2016,60.53741428571427,16.342871428571424
Hofors,6.6,11.7,2020,60.53741428571427,16.342871428571424
Höganäs,1.3,3.3,2016,56.202602941176465,12.575176470588232
Höganäs,2.8,4.5,2020,56.202602941176465,12.575176470588232
Högsby,3.2,5.4,2016,57.21564444444445,15.974038888888888
Högsby,1.9,3.1,2020,57.21564444444445,15.974038888888888
Höör,4.5,6.1,2016,55.93008421052631,13.544942105263159
Höör,9.2,9.4,2020,55.93008421052631,13.544942105263159
Hörby,4.4,5.1,2016,55.84451904761905,13.648938095238096
Hörby,5.7,7.1,2020,55.84451904761905,13.648938095238096
Huddinge,3.7,7.2,2016,59.24061743119269,18.01502752293579
Huddinge,5.4,9.0,2020,59.24061743119269,18.01502752293579
Huddinge,5.4,9.0,2020,59.24061743119269,18.01502752293579
Hudiksvall,4.7,8.1,2016,61.71262903225805,17.056698387096798
Hudiksvall,3.8,7.7,2020,61.71262903225805,17.056698387096798
Hultsfred,1.7,3.8,2016,57.42891818181817,15.78972272727273
Hultsfred,3.6,5.9,2020,57.42891818181817,15.78972272727273
Hylte,3.0,6.3,2016,56.99880400000002,13.229672
Hylte,5.5,10.7,2020,56.99880400000002,13.229672
Järfälla,2.4,5.9,2016,59.3502178947368,17.965855789473647
Järfälla,3.8,7.0,2020,59.3502178947368,17.965855789473647
Järfälla,3.8,7.0,2020,59.3502178947368,17.965855789473647
Jokkmokk,3.4,7.0,2016,66.52742272727272,20.01347272727272
Jokkmokk,4.9,7.0,2020,66.52742272727272,20.01347272727272
Jönköping,0.6,3.0,2016,57.787349206349276,14.178149206349161
Jönköping,1.2,3.8,2020,57.787349206349276,14.178149206349161
Kalix,2.3,4.2,2016,65.84290857142861,23.099577142857154
Kalix,3.1,8.5,2020,65.84290857142861,23.099577142857154
Kalmar,0.9,2.9,2016,56.65324175824178,16.30563186813184
Kalmar,1.1,2.8,2020,56.65324175824178,16.30563186813184
Karlsborg,5.6,11.2,2016,58.555575,14.462925000000004
Karlsborg,3.9,11.6,2020,58.555575,14.462925000000004
Karlshamn,2.6,6.0,2016,56.206613793103486,14.844822413793105
Karlshamn,4.1,7.6,2020,56.206613793103486,14.844822413793105
Karlskoga,2.4,5.2,2016,59.32670000000004,14.523900000000017
Karlskoga,3.0,6.6,2020,59.32670000000004,14.523900000000017
Karlskrona,0.9,2.7,2016,56.16411428571423,15.60637714285713
Karlskrona,2.4,4.7,2020,56.16411428571423,15.60637714285713
Karlstad,3.3,7.4,2016,59.38385826086945,13.497180000000002
Karlstad,3.8,6.4,2020,59.38385826086945,13.497180000000002
Katrineholm,2.4,6.7,2016,58.94870999999995,16.240668000000014
Katrineholm,4.3,8.6,2020,58.94870999999995,16.240668000000014
Kävlinge,2.8,5.6,2016,55.78151063829787,13.072608510638306
Kävlinge,3.6,7.5,2020,55.78151063829787,13.072608510638306
Kil,3.5,5.1,2016,59.462770588235294,13.220170588235291
Kil,6.4,10.9,2020,59.462770588235294,13.220170588235291
Kiruna,1.3,3.0,2016,67.83934042553194,20.38282340425532
Kiruna,2.7,4.6,2020,67.83934042553194,20.38282340425532
Klippan,4.3,7.8,2016,56.13442083333333,13.103966666666665
Klippan,3.6,9.6,2020,56.13442083333333,13.103966666666665
Knivsta,1.9,4.1,2016,59.72559999999999,17.78750000000001
Knivsta,3.8,6.3,2020,59.72559999999999,17.78750000000001
Knivsta,3.8,6.3,2020,59.72559999999999,17.78750000000001
Köping,2.8,5.4,2016,59.518480952380926,16.002145238095242
Köping,2.7,6.3,2020,59.518480952380926,16.002145238095242
Kramfors,2.3,6.7,2016,62.93469069767439,17.844920930232565
Kramfors,2.3,7.6,2020,62.93469069767439,17.844920930232565
Kristianstad,2.1,5.2,2016,55.990650925925955,14.170638888888881
Kristianstad,4.1,7.7,2020,55.990650925925955,14.170638888888881
Kristinehamn,3.9,6.0,2016,59.32286888888889,14.065055555555556
Kristinehamn,4.3,7.4,2020,59.32286888888889,14.065055555555556
Krokom,1.8,5.2,2016,63.35727333333334,14.45252666666667
Krokom,3.7,6.6,2020,63.35727333333334,14.45252666666667
Kumla,2.1,4.8,2016,59.13159696969697,15.123069696969688
Kumla,3.0,6.9,2020,59.13159696969697,15.123069696969688
Kungälv,3.4,6.0,2016,57.87302727272732,11.935569090909093
Kungälv,2.9,6.2,2020,57.87302727272732,11.935569090909093
Kungsbacka,3.3,7.4,2016,57.47021999999998,12.035163749999999
Kungsbacka,5.2,9.5,2020,57.47021999999998,12.035163749999999
Kungsör,3.1,7.5,2016,59.43984444444445,16.095416666666665
Kungsör,4.5,8.6,2020,59.43984444444445,16.095416666666665
Laholm,4.2,5.8,2016,56.50058749999998,13.032367500000001
Laholm,6.5,7.8,2020,56.50058749999998,13.032367500000001
Landskrona,1.6,3.5,2016,55.882522916666666,12.834258333333329
Landskrona,1.7,3.9,2020,55.882522916666666,12.834258333333329
Laxå,3.8,4.0,2016,58.992504166666684,14.603116666666665
Laxå,4.4,5.5,2020,58.992504166666684,14.603116666666665
Lekeberg,2.8,5.1,2016,59.17031428571428,14.845299999999998
Lekeberg,3.9,6.0,2020,59.17031428571428,14.845299999999998
Leksand,2.1,6.0,2016,60.731778125000005,14.995415625000003
Leksand,4.2,6.9,2020,60.731778125000005,14.995415625000003
Lerum,1.8,5.1,2016,57.80651111111117,12.301466666666675
Lerum,3.6,7.3,2020,57.80651111111117,12.301466666666675
Lessebo,2.1,4.1,2016,56.7519,15.2697
Lessebo,2.2,4.7,2020,56.7519,15.2697
Lidingö,1.9,5.0,2016,59.365438333333366,18.127946666666652
Lidingö,4.3,7.4,2020,59.365438333333366,18.127946666666652
Lidingö,4.3,7.4,2020,59.365438333333366,18.127946666666652
Lidköping,2.6,7.9,2016,58.478290909090944,13.130585454545443
Lidköping,3.1,7.7,2020,58.478290909090944,13.130585454545443
Lilla Edet,4.5,10.1,2016,58.11892857142856,12.147839285714285
Lilla Edet,7.6,9.7,2020,58.11892857142856,12.147839285714285
Lindesberg,1.5,3.7,2016,59.58611777777778,15.24193777777778
Lindesberg,3.7,5.6,2020,59.58611777777778,15.24193777777778
Linköping,2.4,5.0,2016,58.41754378109445,15.60407064676619
Linköping,2.8,6.9,2020,58.41754378109445,15.60407064676619
Ljungby,0.7,2.3,2016,56.805468292682946,13.919197560975615
Ljungby,1.2,3.0,2020,56.805468292682946,13.919197560975615
Ljusdal,2.6,6.6,2016,61.808367857142855,15.997407142857138
Ljusdal,3.2,8.3,2020,61.808367857142855,15.997407142857138
Ljusnarsberg,2.7,8.6,2016,59.89493529411764,14.986558823529416
Ljusnarsberg,4.6,9.4,2020,59.89493529411764,14.986558823529416
Lomma,1.3,2.5,2016,55.687105882352924,13.050547058823534
Lomma,1.5,3.3,2020,55.687105882352924,13.050547058823534
Ludvika,2.5,7.0,2016,60.14683076923073,15.116867307692303
Ludvika,3.2,7.4,2020,60.14683076923073,15.116867307692303
Luleå,1.8,4.9,2016,65.61214202898549,22.13445942028982
Luleå,3.8,6.5,2020,65.61214202898549,22.13445942028982
Lund,1.5,3.9,2016,55.70102352941178,13.213920588235304
Lund,2.5,4.9,2020,55.70102352941178,13.213920588235304
Lycksele,3.7,13.2,2016,64.67178857142855,18.660837142857133
Lycksele,4.5,14.9,2020,64.67178857142855,18.660837142857133
Lysekil,1.5,5.9,2016,58.319207317073186,11.44516585365853
Lysekil,4.7,8.3,2020,58.319207317073186,11.44516585365853
Malå,4.4,11.8,2016,65.2061,18.75303333333333
Malå,6.3,12.7,2020,65.2061,18.75303333333333
Malmö,1.4,3.2,2016,55.60333658969748,13.003550088809796
Malmö,1.4,3.4,2020,55.60333658969748,13.003550088809796
Malung,2.7,5.3,2016,60.715236363636365,13.763004545454542
Mariestad,5.1,9.4,2016,58.63654166666663,13.871930555555549
Mariestad,4.2,9.3,2020,58.63654166666663,13.871930555555549
Mark,2.8,4.9,2016,57.47565660377357,12.614752830188673
Mark,3.8,6.8,2020,57.47565660377357,12.614752830188673
Markaryd,,2.3,2016,56.49996296296296,13.650344444444443
Markaryd,1.3,4.2,2020,56.49996296296296,13.650344444444443
Mellerud,2.3,5.6,2016,58.72681904761905,12.418590476190477
Mellerud,1.9,7.1,2020,58.72681904761905,12.418590476190477
Mjölby,2.6,5.4,2016,58.369167142857115,15.17452571428572
Mjölby,2.7,6.6,2020,58.369167142857115,15.17452571428572
Mölndal,2.0,4.5,2016,57.631622352941264,12.036796470588223
Mölndal,2.7,6.1,2020,57.631622352941264,12.036796470588223
Mönsterås,0.9,4.3,2016,57.039203125000014,16.341443750000003
Mönsterås,1.2,3.8,2020,57.039203125000014,16.341443750000003
Mora,3.6,8.8,2016,60.98937027027028,14.570148648648654
Mora,4.7,8.0,2020,60.98937027027028,14.570148648648654
Mörbylånga,,2.9,2016,56.62342499999998,16.442424999999997
Mörbylånga,1.5,2.7,2020,56.62342499999998,16.442424999999997
Motala,3.0,6.2,2016,58.53874285714287,15.11385535714287
Motala,3.2,6.9,2020,58.53874285714287,15.11385535714287
Mullsjö,,6.4,2016,57.91290625,13.893199999999998
Mullsjö,1.5,6.6,2020,57.91290625,13.893199999999998
Munkedal,3.3,7.1,2016,58.47760588235294,11.663470588235294
Munkedal,5.2,9.1,2020,58.47760588235294,11.663470588235294
Munkfors,,5.8,2016,59.85403333333334,13.554308333333333
Munkfors,3.0,8.6,2020,59.85403333333334,13.554308333333333
Nacka,3.3,5.6,2016,59.30361760000001,18.209370400000008
Nacka,3.9,6.6,2020,59.30361760000001,18.209370400000008
Nacka,3.9,6.6,2020,59.30361760000001,18.209370400000008
Nässjö,1.3,3.4,2016,57.638576363636346,14.669800000000004
Nässjö,2.5,4.8,2020,57.638576363636346,14.669800000000004
Nora,2.0,3.7,2016,59.52281578947369,14.977700000000004
Nora,2.9,6.9,2020,59.52281578947369,14.977700000000004
Norberg,3.8,9.3,2016,60.06094666666669,15.915
Norberg,6.5,11.4,2020,60.06094666666669,15.915
Nordanstig,3.8,9.2,2016,61.9400857142857,17.218799999999998
Nordanstig,3.6,9.8,2020,61.9400857142857,17.218799999999998
Nordmaling,2.4,6.6,2016,63.58994374999999,19.51576875
Nordmaling,2.9,8.0,2020,63.58994374999999,19.51576875
Norrköping,0.9,2.6,2016,58.598326842105,16.171634210526356
Norrköping,1.6,3.8,2020,58.598326842105,16.171634210526356
Norrtälje,4.7,8.9,2016,59.82131176470588,18.64015647058823
Norrtälje,6.0,10.5,2020,59.82131176470588,18.64015647058823
Norrtälje,6.0,10.5,2020,59.82131176470588,18.64015647058823
Norsjö,4.6,7.9,2016,64.9036111111111,19.6485
Norsjö,4.9,15.3,2020,64.9036111111111,19.6485
Nybro,1.5,3.6,2016,56.77502444444443,15.865020000000008
Nybro,2.2,3.1,2020,56.77502444444443,15.865020000000008
Nyköping,2.8,6.8,2016,58.75906034482763,16.994574137931014
Nyköping,4.4,7.4,2020,58.75906034482763,16.994574137931014
Nykvarn,6.7,10.4,2016,59.17809375000002,17.4416375
Nykvarn,6.9,10.9,2020,59.17809375000002,17.4416375
Nykvarn,6.9,10.9,2020,59.17809375000002,17.4416375
Nynäshamn,5.0,12.4,2016,58.9463659090909,17.932018181818183
Nynäshamn,5.9,9.9,2020,58.9463659090909,17.932018181818183
Nynäshamn,5.9,9.9,2020,58.9463659090909,17.932018181818183
Ockelbo,5.1,11.6,2016,60.89798750000001,16.506125000000004
Ockelbo,4.9,16.4,2020,60.89798750000001,16.506125000000004
Öckerö,4.6,8.7,2016,57.724849999999996,11.640087499999998
Öckerö,4.2,7.6,2020,57.724849999999996,11.640087499999998
Ödeshög,2.9,6.9,2016,58.301585714285736,14.93208571428571
Ödeshög,2.8,3.6,2020,58.301585714285736,14.93208571428571
Olofström,4.2,4.6,2016,56.347749999999984,14.72694583333333
Olofström,4.1,6.2,2020,56.347749999999984,14.72694583333333
Örebro,1.4,2.8,2016,59.26130684210519,15.219439473684186
Örebro,2.1,4.7,2020,59.26130684210519,15.219439473684186
Örkelljunga,4.7,6.2,2016,56.27533333333335,13.283905555555558
Örkelljunga,6.4,8.9,2020,56.27533333333335,13.283905555555558
Örnsköldsvik,1.4,5.1,2016,63.301391588785044,18.576257943925224
Örnsköldsvik,3.0,5.8,2020,63.301391588785044,18.576257943925224
Orsa,3.6,6.1,2016,61.09262857142858,14.643092857142857
Orsa,7.0,8.3,2020,61.09262857142858,14.643092857142857
Orust,2.5,7.6,2016,58.17411346153847,11.617157692307684
Orust,5.4,9.5,2020,58.17411346153847,11.617157692307684
Osby,2.1,8.7,2016,56.37502083333334,13.993541666666674
Osby,3.5,11.1,2020,56.37502083333334,13.993541666666674
Oskarshamn,2.6,6.6,2016,57.26990222222221,16.422077777777773
Oskarshamn,2.2,5.9,2020,57.26990222222221,16.422077777777773
Österåker,5.3,10.4,2016,59.481966666666665,18.333673809523823
Österåker,5.5,10.0,2020,59.481966666666665,18.333673809523823
Österåker,5.5,10.0,2020,59.481966666666665,18.333673809523823
Östersund,1.6,4.0,2016,63.168793918918844,14.638939189189209
Östersund,2.7,5.7,2020,63.168793918918844,14.638939189189209
Östhammar,3.7,8.9,2016,60.19191860465114,18.162779069767435
Östhammar,4.4,7.5,2020,60.19191860465114,18.162779069767435
Östhammar,4.4,7.5,2020,60.19191860465114,18.162779069767435
Östra Göinge,3.9,6.9,2016,56.188840000000006,14.104459999999998
Östra Göinge,4.6,10.9,2020,56.188840000000006,14.104459999999998
Ovanåker,3.3,5.3,2016,61.3447724137931,15.898734482758618
Ovanåker,3.2,7.6,2020,61.3447724137931,15.898734482758618
Överkalix,0.0,3.6,2016,66.28810833333333,22.798033333333333
Överkalix,5.3,6.3,2020,66.28810833333333,22.798033333333333
Övertorneå,0.0,,2016,66.42777857142855,23.638364285714285
Övertorneå,4.7,,2020,66.42777857142855,23.638364285714285
Oxelösund,4.1,5.3,2016,58.674523809523805,17.09704285714285
Oxelösund,5.1,9.0,2020,58.674523809523805,17.09704285714285
Pajala,2.2,3.0,2016,67.21007368421054,22.99225789473684
Pajala,2.1,7.1,2020,67.21007368421054,22.99225789473684
Partille,1.6,4.7,2016,57.734567346938796,12.098453061224497
Partille,3.0,5.7,2020,57.734567346938796,12.098453061224497
Perstorp,3.6,8.2,2016,56.15350624999999,13.432225000000003
Perstorp,2.3,9.1,2020,56.15350624999999,13.432225000000003
Piteå,2.3,5.2,2016,65.34648953488369,21.36863139534884
Piteå,3.6,6.7,2020,65.34648953488369,21.36863139534884
Ragunda,2.5,3.3,2016,62.947900000000004,16.590166666666665
Ragunda,,5.3,2020,62.947900000000004,16.590166666666665
Rättvik,1.7,2.8,2016,60.892939999999996,15.103625
Rättvik,3.6,8.6,2020,60.892939999999996,15.103625
Robertsfors,3.0,9.4,2016,64.1588,20.803250000000002
Robertsfors,3.7,7.4,2020,64.1588,20.803250000000002
Ronneby,2.3,4.5,2016,56.24347727272729,15.307904545454544
Ronneby,3.7,5.9,2020,56.24347727272729,15.307904545454544
Säffle,3.2,4.2,2016,59.16111379310344,12.902958620689658
Säffle,2.8,5.8,2020,59.16111379310344,12.902958620689658
Sala,5.8,9.0,2016,59.89841714285716,16.56838857142858
Sala,6.4,10.3,2020,59.89841714285716,16.56838857142858
Salem,5.5,10.6,2016,59.20000000000002,17.733299999999993
Salem,5.4,10.1,2020,59.20000000000002,17.733299999999993
Salem,5.4,10.1,2020,59.20000000000002,17.733299999999993
Sandviken,6.4,10.0,2016,60.586747761194026,16.71037761194031
Sandviken,4.6,9.0,2020,60.586747761194026,16.71037761194031
Säter,4.5,6.4,2016,60.38383888888888,15.598383333333329
Säter,7.1,5.4,2020,60.38383888888888,15.598383333333329
Sävsjö,2.5,5.4,2016,57.40680526315787,14.638368421052627
Sävsjö,2.4,5.5,2020,57.40680526315787,14.638368421052627
Simrishamn,1.3,3.5,2016,55.567890000000006,14.246711999999997
Simrishamn,1.8,4.3,2020,55.567890000000006,14.246711999999997
Sjöbo,3.2,5.9,2016,55.626526923076916,13.724069230769233
Sjöbo,4.4,7.4,2020,55.626526923076916,13.724069230769233
Skara,2.2,5.0,2016,58.39462692307695,13.43791923076923
Skara,3.1,8.7,2020,58.39462692307695,13.43791923076923
Skellefteå,3.8,8.2,2016,64.76634424778756,20.766020353982327
Skellefteå,5.1,8.8,2020,64.76634424778756,20.766020353982327
Skinnskatteberg,4.4,4.2,2016,59.84888181818182,15.701299999999998
Skinnskatteberg,4.5,5.6,2020,59.84888181818182,15.701299999999998
Skövde,2.5,4.4,2016,58.40941549295775,13.834553521126761
Skövde,2.3,6.0,2020,58.40941549295775,13.834553521126761
Skurup,1.6,3.6,2016,55.46347999999999,13.545183333333334
Skurup,2.3,5.2,2020,55.46347999999999,13.545183333333334
Smedjebacken,2.5,5.5,2016,60.13507826086958,15.44405652173913
Smedjebacken,4.8,8.5,2020,60.13507826086958,15.44405652173913
Söderhamn,5.2,5.5,2016,61.301583720930225,17.047402325581395
Söderhamn,5.7,6.6,2020,61.301583720930225,17.047402325581395
Söderköping,1.4,4.3,2016,58.43744999999999,16.315112499999998
Söderköping,2.4,4.6,2020,58.43744999999999,16.315112499999998
Södertälje,4.4,8.4,2016,59.16960857142855,17.612682857142843
Södertälje,4.2,7.8,2020,59.16960857142855,17.612682857142843
Södertälje,4.2,7.8,2020,59.16960857142855,17.612682857142843
Sollefteå,0.9,4.6,2016,63.17388181818185,17.21101136363637
Sollefteå,1.6,5.2,2020,63.17388181818185,17.21101136363637
Solna,2.2,5.5,2016,59.35754071856274,18.006005988023947
Solna,3.6,7.6,2020,59.35754071856274,18.006005988023947
Solna,3.6,7.6,2020,59.35754071856274,18.006005988023947
Sölvesborg,2.3,5.9,2016,56.05936451612907,14.573967741935496
Sölvesborg,6.3,10.0,2020,56.05936451612907,14.573967741935496
Sorsele,,6.5,2016,65.394925,17.68455
Sorsele,,6.7,2020,65.394925,17.68455
Sotenäs,3.3,5.3,2016,58.3765157894737,11.264015789473683
Sotenäs,5.8,9.8,2020,58.3765157894737,11.264015789473683
Staffanstorp,2.2,5.9,2016,55.65203666666668,13.197426666666667
Staffanstorp,3.5,6.7,2020,55.65203666666668,13.197426666666667
Stenungsund,2.5,6.2,2016,58.05593846153848,11.83360512820513
Stenungsund,2.8,4.3,2020,58.05593846153848,11.83360512820513
Stockholm,2.9,6.0,2016,59.32567250922502,18.012277736777563
Stockholm,4.1,7.6,2020,59.32567250922502,18.012277736777563
Stockholm,4.1,7.6,2020,59.32567250922502,18.012277736777563
Storfors,5.2,8.1,2016,59.53179999999999,14.272000000000002
Storfors,6.6,10.7,2020,59.53179999999999,14.272000000000002
Storuman,7.7,9.9,2016,65.1247888888889,17.059816666666666
Storuman,10.2,14.6,2020,65.1247888888889,17.059816666666666
Strängnäs,2.8,6.1,2016,59.34027500000005,17.06807499999999
Strängnäs,4.0,8.1,2020,59.34027500000005,17.06807499999999
Strömstad,3.1,6.0,2016,58.91881714285714,11.202022857142858
Strömstad,2.5,4.6,2020,58.91881714285714,11.202022857142858
Strömsund,1.4,2.7,2016,63.876544117647065,15.51994999999999
Strömsund,2.9,6.2,2020,63.876544117647065,15.51994999999999
Sundbyberg,1.9,4.8,2016,59.36091538461536,17.9726846153846
Sundbyberg,2.8,6.3,2020,59.36091538461536,17.9726846153846
Sundbyberg,2.8,6.3,2020,59.36091538461536,17.9726846153846
Sundsvall,1.9,4.6,2016,62.389248473282215,17.296533969465717
Sundsvall,2.5,5.9,2020,62.389248473282215,17.296533969465717
Sunne,3.1,4.1,2016,59.84491304347826,13.134913043478258
Sunne,3.3,4.8,2020,59.84491304347826,13.134913043478258
Surahammar,2.4,6.4,2016,59.71210625000001,16.210500000000003
Surahammar,6.3,8.4,2020,59.71210625000001,16.210500000000003
Svalöv,2.7,6.9,2016,55.93480833333334,13.106533333333337
Svalöv,3.4,9.0,2020,55.93480833333334,13.106533333333337
Svedala,4.3,7.5,2016,55.512514814814814,13.22903703703703
Svedala,4.5,8.5,2020,55.512514814814814,13.22903703703703
Svenljunga,1.7,4.6,2016,57.45277187499999,13.058665624999998
Svenljunga,1.7,5.6,2020,57.45277187499999,13.058665624999998
Täby,3.3,6.3,2016,59.444308108108245,18.06842612612615
Täby,4.3,8.7,2020,59.444308108108245,18.06842612612615
Täby,4.3,8.7,2020,59.444308108108245,18.06842612612615
Tanum,4.3,9.2,2016,58.69234583333333,11.31852083333333
Tanum,4.7,8.2,2020,58.69234583333333,11.31852083333333
Tibro,1.6,6.2,2016,58.43938181818182,14.152531818181814
Tibro,1.7,6.7,2020,58.43938181818182,14.152531818181814
Tidaholm,4.9,11.7,2016,58.180112499999986,13.941220833333333
Tidaholm,4.5,8.6,2020,58.180112499999986,13.941220833333333
Tierp,1.8,7.4,2016,60.324173170731704,17.515065853658538
Tierp,4.0,7.5,2020,60.324173170731704,17.515065853658538
Tierp,4.0,7.5,2020,60.324173170731704,17.515065853658538
Timrå,3.4,6.1,2016,62.484194999999985,17.330995
Timrå,4.2,7.1,2020,62.484194999999985,17.330995
Tingsryd,,4.0,2016,56.54716000000001,14.963806666666672
Tingsryd,2.8,5.6,2020,56.54716000000001,14.963806666666672
Tjörn,2.5,7.3,2016,57.98688249999999,11.611787499999997
Tjörn,3.8,5.5,2020,57.98688249999999,11.611787499999997
Tomelilla,2.3,5.3,2016,55.56181304347827,13.984256521739125
Tomelilla,4.0,7.6,2020,55.56181304347827,13.984256521739125
Töreboda,3.8,11.4,2016,58.683244000000016,14.121684
Töreboda,6.6,12.7,2020,58.683244000000016,14.121684
Torsås,,4.3,2016,56.438244,16.039952000000003
Torsås,2.0,6.5,2020,56.438244,16.039952000000003
Torsby,1.9,3.5,2016,60.25510399999999,13.007987999999996
Torsby,3.0,6.0,2020,60.25510399999999,13.007987999999996
Tranås,1.2,5.1,2016,58.031071052631575,14.943268421052638
Tranås,1.9,5.6,2020,58.031071052631575,14.943268421052638
Tranemo,1.0,2.2,2016,57.53374871794873,13.390592307692309
Tranemo,1.1,5.4,2020,57.53374871794873,13.390592307692309
Trelleborg,3.3,7.3,2016,55.389396491228105,13.203154385964906
Trelleborg,3.4,7.5,2020,55.389396491228105,13.203154385964906
Trollhättan,1.7,4.7,2016,58.2793114754098,12.281237704918016
Trollhättan,3.2,6.4,2020,58.2793114754098,12.281237704918016
Trosa,3.4,9.4,2016,58.907577777777774,17.499759259259257
Trosa,8.3,13.0,2020,58.907577777777774,17.499759259259257
Tyresö,4.0,8.1,2016,59.23528936170212,18.30191063829786
Tyresö,4.8,10.3,2020,59.23528936170212,18.30191063829786
Tyresö,4.8,10.3,2020,59.23528936170212,18.30191063829786
Uddevalla,1.2,3.0,2016,58.3161135135135,11.936189189189196
Uddevalla,2.3,4.1,2020,58.3161135135135,11.936189189189196
Ulricehamn,0.6,3.1,2016,57.81299302325581,13.408327906976744
Ulricehamn,1.8,3.9,2020,57.81299302325581,13.408327906976744
Umeå,1.9,4.4,2016,63.83457129629646,20.260061111111106
Umeå,2.3,4.6,2020,63.83457129629646,20.260061111111106
Uppsala,2.3,5.8,2016,59.86716459854032,17.658267883211696
Uppsala,3.1,6.7,2020,59.86716459854032,17.658267883211696
Uppsala,3.1,6.7,2020,59.86716459854032,17.658267883211696
Uppvidinge,2.0,4.6,2016,57.10058333333334,15.365716666666666
Uppvidinge,1.9,5.5,2020,57.10058333333334,15.365716666666666
Vadstena,,8.0,2016,58.44975999999997,14.886720000000002
Vadstena,1.9,7.7,2020,58.44975999999997,14.886720000000002
Vaggeryd,0.8,3.2,2016,57.49003333333334,14.116976190476194
Vaggeryd,1.3,4.0,2020,57.49003333333334,14.116976190476194
Valdemarsvik,2.6,3.8,2016,58.21631666666664,16.608705555555563
Valdemarsvik,2.3,3.3,2020,58.21631666666664,16.608705555555563
Vallentuna,4.2,11.5,2016,59.533404347826085,18.09420217391304
Vallentuna,5.8,12.9,2020,59.533404347826085,18.09420217391304
Vallentuna,5.8,12.9,2020,59.533404347826085,18.09420217391304
Vänersborg,1.7,3.6,2016,58.378074545454595,12.337658181818167
Vänersborg,1.9,5.0,2020,58.378074545454595,12.337658181818167
Vännäs,,5.9,2016,63.91176874999999,19.771387500000003
Vännäs,1.9,7.5,2020,63.91176874999999,19.771387500000003
Vansbro,2.1,6.6,2016,60.46333571428571,14.499821428571428
Vansbro,6.3,8.7,2020,60.46333571428571,14.499821428571428
Vara,4.8,10.7,2016,58.27788620689655,13.014831034482754
Vara,4.0,10.2,2020,58.27788620689655,13.014831034482754
Varberg,3.6,6.4,2016,57.12225166666664,12.282963333333347
Varberg,5.8,8.5,2020,57.12225166666664,12.282963333333347
Vårgårda,1.7,4.7,2016,58.03403913043478,12.778995652173913
Vårgårda,,5.3,2020,58.03403913043478,12.778995652173913
Värmdö,3.3,8.0,2016,59.333863513513485,18.464564864864872
Värmdö,4.5,9.4,2020,59.333863513513485,18.464564864864872
Värmdö,4.5,9.4,2020,59.333863513513485,18.464564864864872
Värnamo,1.0,2.7,2016,57.18556530612247,14.03074693877551
Värnamo,2.0,3.8,2020,57.18556530612247,14.03074693877551
Västerås,1.9,4.7,2016,59.615167701863555,16.55133354037264
Västerås,3.3,6.5,2020,59.615167701863555,16.55133354037264
Västervik,3.2,6.5,2016,57.79942878787882,16.55428484848484
Västervik,4.5,7.8,2020,57.79942878787882,16.55428484848484
Vaxholm,2.5,5.8,2016,59.40227826086956,18.352465217391316
Vaxholm,5.6,8.8,2020,59.40227826086956,18.352465217391316
Vaxholm,5.6,8.8,2020,59.40227826086956,18.352465217391316
Växjö,1.4,3.7,2016,56.877266304347835,14.812383695652157
Växjö,2.2,4.8,2020,56.877266304347835,14.812383695652157
Vellinge,2.5,4.9,2016,55.441327272727314,12.955487272727273
Vellinge,3.0,6.7,2020,55.441327272727314,12.955487272727273
Vetlanda,2.3,5.4,2016,57.44515999999996,15.092022857142862
Vetlanda,2.6,6.5,2020,57.44515999999996,15.092022857142862
Vilhelmina,3.5,9.0,2016,64.56896363636363,16.894954545454542
Vilhelmina,7.2,12.7,2020,64.56896363636363,16.894954545454542
Vimmerby,1.4,4.5,2016,57.680040476190456,15.9081619047619
Vimmerby,2.4,6.9,2020,57.680040476190456,15.9081619047619
Vindeln,3.3,7.4,2016,64.25790714285714,19.57968571428572
Vindeln,5.5,6.4,2020,64.25790714285714,19.57968571428572
Vingåker,3.1,5.9,2016,59.13092666666668,16.03093333333333
Vingåker,5.3,7.1,2020,59.13092666666668,16.03093333333333
Vingåker,5.3,7.1,2020,59.13092666666668,16.03093333333333
Ystad,2.1,3.7,2016,55.45339622641511,13.816128301886787
Ystad,2.3,4.6,2020,55.45339622641511,13.816128301886787
Upplands Väsby,6.3,9.8,2020,59.52182499999997,17.90558382352944
Upplands Väsby,6.3,9.8,2020,59.52182499999997,17.90558382352944
Sollentuna,4.4,6.9,2020,59.428209210526276,17.952450000000027
Sollentuna,4.4,6.9,2020,59.428209210526276,17.952450000000027
Sigtuna,3.6,6.6,2020,59.60616470588235,17.736970588235295
Sigtuna,3.6,6.6,2020,59.60616470588235,17.736970588235295
