municipality,girls_perc,boys_perc,year,latitude,longitude,pop_2020
Ale,2.4,6.2,2016,57.910200000000025,12.07714,31868
Ale,1.3,4.4,2020,57.910200000000025,12.07714,31868
Alingsås,1.7,3.9,2016,57.96326056338028,12.53102253521129,41602
Alingsås,2.7,5.4,2020,57.96326056338028,12.53102253521129,41602
Älmhult,1.5,3.6,2016,56.58613571428573,14.183732142857147,17884
Älmhult,1.7,4.1,2020,56.58613571428573,14.183732142857147,17884
Älvdalen,2.2,3.8,2016,61.14940666666668,14.249459999999996,7033
Älvdalen,4.4,7.2,2020,61.14940666666668,14.249459999999996,7033
Alvesta,1.4,3.5,2016,56.913387500000006,14.542166666666672,20224
Alvesta,2.2,4.3,2020,56.913387500000006,14.542166666666672,20224
Älvkarleby,4.0,13.6,2016,60.61994,17.421039999999998,9511
Älvkarleby,4.0,9.9,2020,60.61994,17.421039999999998,9511
Älvkarleby,4.0,9.9,2020,60.61994,17.421039999999998,9511
Älvsbyn,2.3,5.8,2016,65.6549111111111,21.02053888888889,8054
Älvsbyn,3.6,8.8,2020,65.6549111111111,21.02053888888889,8054
Åmål,2.3,3.7,2016,58.999085000000015,12.731180000000002,12441
Åmål,3.2,5.8,2020,58.999085000000015,12.731180000000002,12441
Aneby,,6.0,2016,57.823475,14.806981250000002,6821
Aneby,2.7,6.0,2020,57.823475,14.806981250000002,6821
Ånge,3.1,5.9,2016,62.51149999999999,15.68732857142857,9226
Ånge,2.8,7.1,2020,62.51149999999999,15.68732857142857,9226
Ängelholm,1.7,4.2,2016,56.242165079365066,12.874739682539673,42910
Ängelholm,2.6,5.8,2020,56.242165079365066,12.874739682539673,42910
Arboga,2.0,4.4,2016,59.39940000000002,15.835293103448272,14039
Arboga,3.3,5.5,2020,59.39940000000002,15.835293103448272,14039
Åre,1.7,2.6,2016,63.34077272727273,13.334563636363631,12049
Åre,2.1,3.3,2020,63.34077272727273,13.334563636363631,12049
Årjäng,1.2,5.8,2016,59.40319411764706,12.14100588235294,9996
Årjäng,2.6,5.7,2020,59.40319411764706,12.14100588235294,9996
Arjeplog,,14.0,2016,65.89612857142856,17.983985714285716,2718
Arjeplog,,13.4,2020,65.89612857142856,17.983985714285716,2718
Arvidsjaur,4.0,8.5,2016,65.60641176470587,19.14634117647059,6145
Arvidsjaur,4.8,10.0,2020,65.60641176470587,19.14634117647059,6145
Arvika,1.8,4.6,2016,59.659662857142834,12.606579999999994,25932
Arvika,2.8,4.6,2020,59.659662857142834,12.606579999999994,25932
Åsele,4.0,,2016,64.06332,17.75,2805
Åsele,6.3,13.6,2020,64.06332,17.75,2805
Askersund,2.5,6.6,2016,58.87572500000001,14.94470416666667,11471
Askersund,4.5,8.4,2020,58.87572500000001,14.94470416666667,11471
Åstorp,3.8,7.5,2016,56.13393478260872,12.951708695652174,16063
Åstorp,3.3,6.9,2020,56.13393478260872,12.951708695652174,16063
Åtvidaberg,3.9,7.4,2016,58.20885185185183,15.96383333333334,11427
Åtvidaberg,5.5,11.3,2020,58.20885185185183,15.96383333333334,11427
Avesta,1.9,5.5,2016,60.15633695652175,16.182671739130416,23067
Avesta,4.6,9.4,2020,60.15633695652175,16.182671739130416,23067
Båstad,2.0,4.4,2016,56.40680882352939,12.849000000000004,15413
Båstad,2.7,4.7,2020,56.40680882352939,12.849000000000004,15413
Bengtsfors,2.6,4.0,2016,58.964730434782574,12.19355652173913,9591
Bengtsfors,3.3,9.4,2020,58.964730434782574,12.19355652173913,9591
Berg,1.9,3.1,2016,62.59647142857144,14.448614285714283,7120
Berg,2.5,6.9,2020,62.59647142857144,14.448614285714283,7120
Bjurholm,,6.8,2016,63.90954999999999,19.36459,2387
Bjurholm,,6.9,2020,63.90954999999999,19.36459,2387
Bjuv,1.6,7.8,2016,56.08461500000001,12.924405000000007,15697
Bjuv,3.2,6.3,2020,56.08461500000001,12.924405000000007,15697
Boden,4.0,6.0,2016,65.85036730769238,21.710119230769205,28060
Boden,5.4,9.8,2020,65.85036730769238,21.710119230769205,28060
Bollebygd,2.9,3.7,2016,57.69392499999998,12.607549999999998,9544
Bollebygd,4.4,5.4,2020,57.69392499999998,12.607549999999998,9544
Bollnäs,3.3,5.7,2016,61.33001224489791,16.44245306122449,26809
Bollnäs,3.1,6.9,2020,61.33001224489791,16.44245306122449,26809
Borås,0.9,2.8,2016,57.72441790123456,12.938402777777709,113714
Borås,1.3,3.4,2020,57.72441790123456,12.938402777777709,113714
Borgholm,,3.2,2016,56.88108333333337,16.658026666666657,10836
Borgholm,1.3,4.4,2020,56.88108333333337,16.658026666666657,10836
Borlänge,2.8,5.6,2016,60.48364558823525,15.431560294117636,52394
Borlänge,3.7,7.2,2020,60.48364558823525,15.431560294117636,52394
Botkyrka,3.9,6.8,2016,59.216769047619024,17.826766666666664,94847
Botkyrka,4.7,9.1,2020,59.216769047619024,17.826766666666664,94847
Botkyrka,4.7,9.1,2020,59.216769047619024,17.826766666666664,94847
Boxholm,4.4,6.5,2016,58.17235999999998,15.06845333333333,5441
Boxholm,,5.4,2020,58.17235999999998,15.06845333333333,5441
Bräcke,,4.5,2016,62.814,15.717516666666668,6181
Bräcke,,6.1,2020,62.814,15.717516666666668,6181
Bromölla,2.9,8.9,2016,56.09811428571429,14.456800000000005,12759
Bromölla,5.7,11.2,2020,56.09811428571429,14.456800000000005,12759
Burlöv,2.1,4.1,2016,55.63815789473686,13.081847368421052,19312
Burlöv,2.1,5.0,2020,55.63815789473686,13.081847368421052,19312
Dals-Ed,2.5,5.1,2016,58.91250000000001,11.9253,4761
Dals-Ed,3.4,8.8,2020,58.91250000000001,11.9253,4761
Danderyd,1.7,3.7,2016,59.39920847457627,18.045937288135583,32712
Danderyd,3.2,7.1,2020,59.39920847457627,18.045937288135583,32712
Danderyd,3.2,7.1,2020,59.39920847457627,18.045937288135583,32712
Degerfors,3.3,13.2,2016,59.20046190476192,14.465461904761908,9631
Degerfors,4.3,11.2,2020,59.20046190476192,14.465461904761908,9631
Dorotea,8.3,9.9,2016,64.34229411764706,16.307417647058823,2498
Dorotea,8.5,11.3,2020,64.34229411764706,16.307417647058823,2498
Eda,3.1,5.1,2016,59.8607,12.2582,8550
Eda,3.2,7.7,2020,59.8607,12.2582,8550
Ekerö,3.6,8.3,2016,59.313377500000016,17.785189999999993,28879
Ekerö,5.6,9.1,2020,59.313377500000016,17.785189999999993,28879
Ekerö,5.6,9.1,2020,59.313377500000016,17.785189999999993,28879
Eksjö,1.8,4.5,2016,57.64966129032259,15.069729032258063,17788
Eksjö,1.5,4.8,2020,57.64966129032259,15.069729032258063,17788
Emmaboda,,2.4,2016,56.64527894736843,15.51745789473684,9360
Emmaboda,,1.8,2020,56.64527894736843,15.51745789473684,9360
Enköping,4.5,9.0,2016,59.645668253968296,17.10089841269843,46240
Enköping,4.5,8.8,2020,59.645668253968296,17.10089841269843,46240
Enköping,4.5,8.8,2020,59.645668253968296,17.10089841269843,46240
Eskilstuna,2.3,5.2,2016,59.36073281250001,16.51063906250003,106975
Eskilstuna,2.6,5.6,2020,59.36073281250001,16.51063906250003,106975
Eslöv,4.5,6.5,2016,55.83295151515154,13.30019090909091,34123
Eslöv,7.4,9.5,2020,55.83295151515154,13.30019090909091,34123
Essunga,5.2,10.0,2016,58.18809999999999,12.716,5687
Essunga,4.2,9.4,2020,58.18809999999999,12.716,5687
Fagersta,3.5,8.7,2016,59.98356000000001,15.810206666666677,13267
Fagersta,3.7,9.9,2020,59.98356000000001,15.810206666666677,13267
Falkenberg,3.6,6.8,2016,56.911672,12.559922000000002,46051
Falkenberg,6.0,8.2,2020,56.911672,12.559922000000002,46051
Falköping,2.0,3.3,2016,58.13819387755103,13.548389795918368,33238
Falköping,2.4,4.8,2020,58.13819387755103,13.548389795918368,33238
Falun,2.7,6.4,2016,60.60930389610389,15.627106493506478,59528
Falun,5.1,8.3,2020,60.60930389610389,15.627106493506478,59528
Färgelanda,,6.2,2016,58.577557142857145,11.94875,6658
Färgelanda,2.5,7.1,2020,58.577557142857145,11.94875,6658
Filipstad,2.9,6.5,2016,59.70312,14.144959999999994,10503
Filipstad,5.5,8.3,2020,59.70312,14.144959999999994,10503
Finspång,1.4,3.9,2016,58.721284444444464,15.774244444444436,21765
Finspång,1.6,5.2,2020,58.721284444444464,15.774244444444436,21765
Flen,2.5,5.3,2016,59.0603148148148,16.59464814814816,16431
Flen,3.2,6.5,2020,59.0603148148148,16.59464814814816,16431
Forshaga,3.0,6.6,2016,59.56462631578948,13.464584210526317,11524
Forshaga,5.3,6.7,2020,59.56462631578948,13.464584210526317,11524
Gagnef,2.4,6.6,2016,60.4942,14.835116666666666,10378
Gagnef,3.7,7.5,2020,60.4942,14.835116666666666,10378
Gällivare,2.2,4.7,2016,67.14009999999999,20.777861538461536,17462
Gällivare,4.2,5.5,2020,67.14009999999999,20.777861538461536,17462
Gävle,4.6,9.7,2016,60.68316319018404,17.127273619631886,102904
Gävle,4.2,9.9,2020,60.68316319018404,17.127273619631886,102904
Gislaved,0.9,2.4,2016,57.25547446808512,13.531323404255303,29635
Gislaved,2.2,4.7,2020,57.25547446808512,13.531323404255303,29635
Gnesta,3.1,9.9,2016,59.06949333333333,17.29318666666667,11421
Gnesta,6.1,12.9,2020,59.06949333333333,17.29318666666667,11421
Gnosjö,,3.4,2016,57.35650000000002,13.73605882352941,9614
Gnosjö,1.7,4.2,2020,57.35650000000002,13.73605882352941,9614
Göteborg,1.3,3.6,2016,57.701752246603725,11.962127899686593,583056
Göteborg,2.1,4.8,2020,57.701752246603725,11.962127899686593,583056
Götene,3.2,8.0,2016,58.527742307692286,13.454565384615384,13194
Götene,3.9,8.3,2020,58.527742307692286,13.454565384615384,13194
Gotland,4.7,8.0,2016,57.61182236842104,18.332484210526346,60124
Gotland,5.9,9.8,2020,57.61182236842104,18.332484210526346,60124
Grästorp,3.8,8.1,2016,58.32193809523813,12.67415714285714,5685
Grästorp,2.6,9.0,2020,58.32193809523813,12.67415714285714,5685
Grums,2.8,6.2,2016,59.33993333333333,13.126093333333332,9043
Grums,7.3,10.1,2020,59.33993333333333,13.126093333333332,9043
Gullspång,4.6,7.1,2016,58.92280952380954,14.128823809523809,5169
Gullspång,2.5,11.5,2020,58.92280952380954,14.128823809523809,5169
Habo,1.7,4.9,2016,57.92327058823532,14.069270588235293,12589
Habo,1.5,5.6,2020,57.92327058823532,14.069270588235293,12589
Håbo,5.9,12.3,2016,59.56709999999999,17.527800000000006,22019
Håbo,7.4,10.8,2020,59.56709999999999,17.527800000000006,22019
Håbo,7.4,10.8,2020,59.56709999999999,17.527800000000006,22019
Hagfors,2.2,5.9,2016,60.00183478260871,13.645491304347829,11517
Hagfors,2.9,7.5,2020,60.00183478260871,13.645491304347829,11517
Hällefors,2.0,5.3,2016,59.74730526315791,14.562852631578943,6896
Hällefors,2.8,7.0,2020,59.74730526315791,14.562852631578943,6896
Hallsberg,2.5,4.6,2016,59.05205000000005,15.156944117647058,15990
Hallsberg,3.7,4.0,2020,59.05205000000005,15.156944117647058,15990
Hallstahammar,2.4,5.4,2016,59.62515217391307,16.245873913043475,16400
Hallstahammar,4.1,9.3,2020,59.62515217391307,16.245873913043475,16400
Halmstad,3.3,7.3,2016,56.6919489795919,12.871739795918376,103754
Halmstad,4.8,9.7,2020,56.6919489795919,12.871739795918376,103754
Hammarö,2.3,2.5,2016,59.32795294117648,13.489594117647062,16668
Hammarö,2.0,5.5,2020,59.32795294117648,13.489594117647062,16668
Haninge,4.3,8.8,2016,59.14360875000002,18.144045,93690
Haninge,4.9,8.9,2020,59.14360875000002,18.144045,93690
Haninge,4.9,8.9,2020,59.14360875000002,18.144045,93690
Haparanda,1.9,4.0,2016,65.84703333333334,24.021995238095236,9601
Haparanda,3.8,7.2,2020,65.84703333333334,24.021995238095236,9601
Härjedalen,,5.3,2016,62.17709166666669,13.936837499999996,10070
Härjedalen,2.5,6.6,2020,62.17709166666669,13.936837499999996,10070
Härnösand,2.5,5.4,2016,62.63246363636368,17.901793181818192,25114
Härnösand,3.4,5.5,2020,62.63246363636368,17.901793181818192,25114
Härryda,2.8,5.4,2016,57.6673930232558,12.171293023255815,38246
Härryda,4.0,6.8,2020,57.6673930232558,12.171293023255815,38246
Hässleholm,4.5,6.6,2016,56.15108333333336,13.746390277777772,52010
Hässleholm,5.4,8.6,2020,56.15108333333336,13.746390277777772,52010
Heby,2.8,10.3,2016,59.97749999999999,16.961472222222223,14101
Heby,4.4,11.1,2020,59.97749999999999,16.961472222222223,14101
Heby,4.4,11.1,2020,59.97749999999999,16.961472222222223,14101
Hedemora,3.2,6.6,2016,60.30739600000002,15.979448,15462
Hedemora,3.8,7.6,2020,60.30739600000002,15.979448,15462
Helsingborg,1.1,3.2,2016,56.04175477178447,12.70498672199167,149280
Helsingborg,2.0,3.7,2020,56.04175477178447,12.70498672199167,149280
Herrljunga,2.7,6.7,2016,58.04254736842105,13.051926315789476,9444
Herrljunga,1.9,9.3,2020,58.04254736842105,13.051926315789476,9444
Hjo,2.3,6.9,2016,58.31084999999999,14.26757777777778,9229
Hjo,3.5,6.6,2020,58.31084999999999,14.26757777777778,9229
Hofors,4.7,9.4,2016,60.53741428571427,16.342871428571424,9570
Hofors,6.6,11.7,2020,60.53741428571427,16.342871428571424,9570
Höganäs,1.3,3.3,2016,56.20260294117647,12.575176470588232,27168
Höganäs,2.8,4.5,2020,56.20260294117647,12.575176470588232,27168
Högsby,3.2,5.4,2016,57.21564444444445,15.974038888888888,5731
Högsby,1.9,3.1,2020,57.21564444444445,15.974038888888888,5731
Höör,4.5,6.1,2016,55.93008421052631,13.54494210526316,16830
Höör,9.2,9.4,2020,55.93008421052631,13.54494210526316,16830
Hörby,4.4,5.1,2016,55.84451904761905,13.648938095238096,15653
Hörby,5.7,7.1,2020,55.84451904761905,13.648938095238096,15653
Huddinge,3.7,7.2,2016,59.24061743119269,18.01502752293579,113234
Huddinge,5.4,9.0,2020,59.24061743119269,18.01502752293579,113234
Huddinge,5.4,9.0,2020,59.24061743119269,18.01502752293579,113234
Hudiksvall,4.7,8.1,2016,61.71262903225805,17.056698387096798,37531
Hudiksvall,3.8,7.7,2020,61.71262903225805,17.056698387096798,37531
Hultsfred,1.7,3.8,2016,57.42891818181817,15.78972272727273,14107
Hultsfred,3.6,5.9,2020,57.42891818181817,15.78972272727273,14107
Hylte,3.0,6.3,2016,56.99880400000002,13.229672,10649
Hylte,5.5,10.7,2020,56.99880400000002,13.229672,10649
Järfälla,2.4,5.9,2016,59.3502178947368,17.965855789473647,81274
Järfälla,3.8,7.0,2020,59.3502178947368,17.965855789473647,81274
Järfälla,3.8,7.0,2020,59.3502178947368,17.965855789473647,81274
Jokkmokk,3.4,7.0,2016,66.52742272727272,20.01347272727272,4851
Jokkmokk,4.9,7.0,2020,66.52742272727272,20.01347272727272,4851
Jönköping,0.6,3.0,2016,57.78734920634928,14.17814920634916,142427
Jönköping,1.2,3.8,2020,57.78734920634928,14.17814920634916,142427
Kalix,2.3,4.2,2016,65.84290857142861,23.099577142857157,15812
Kalix,3.1,8.5,2020,65.84290857142861,23.099577142857157,15812
Kalmar,0.9,2.9,2016,56.65324175824178,16.30563186813184,70329
Kalmar,1.1,2.8,2020,56.65324175824178,16.30563186813184,70329
Karlsborg,5.6,11.2,2016,58.555575,14.462925000000004,6962
Karlsborg,3.9,11.6,2020,58.555575,14.462925000000004,6962
Karlshamn,2.6,6.0,2016,56.206613793103486,14.844822413793104,32402
Karlshamn,4.1,7.6,2020,56.206613793103486,14.844822413793104,32402
Karlskoga,2.4,5.2,2016,59.32670000000004,14.523900000000015,30263
Karlskoga,3.0,6.6,2020,59.32670000000004,14.523900000000015,30263
Karlskrona,0.9,2.7,2016,56.16411428571423,15.60637714285713,66515
Karlskrona,2.4,4.7,2020,56.16411428571423,15.60637714285713,66515
Karlstad,3.3,7.4,2016,59.38385826086945,13.497180000000002,94828
Karlstad,3.8,6.4,2020,59.38385826086945,13.497180000000002,94828
Katrineholm,2.4,6.7,2016,58.94870999999995,16.240668000000014,34765
Katrineholm,4.3,8.6,2020,58.94870999999995,16.240668000000014,34765
Kävlinge,2.8,5.6,2016,55.78151063829787,13.072608510638306,32020
Kävlinge,3.6,7.5,2020,55.78151063829787,13.072608510638306,32020
Kil,3.5,5.1,2016,59.462770588235294,13.220170588235291,12115
Kil,6.4,10.9,2020,59.462770588235294,13.220170588235291,12115
Kiruna,1.3,3.0,2016,67.83934042553194,20.38282340425532,22664
Kiruna,2.7,4.6,2020,67.83934042553194,20.38282340425532,22664
Klippan,4.3,7.8,2016,56.13442083333333,13.103966666666665,17738
Klippan,3.6,9.6,2020,56.13442083333333,13.103966666666665,17738
Knivsta,1.9,4.1,2016,59.72559999999999,17.78750000000001,19106
Knivsta,3.8,6.3,2020,59.72559999999999,17.78750000000001,19106
Knivsta,3.8,6.3,2020,59.72559999999999,17.78750000000001,19106
Köping,2.8,5.4,2016,59.518480952380926,16.002145238095242,26085
Köping,2.7,6.3,2020,59.518480952380926,16.002145238095242,26085
Kramfors,2.3,6.7,2016,62.93469069767439,17.844920930232565,18133
Kramfors,2.3,7.6,2020,62.93469069767439,17.844920930232565,18133
Kristianstad,2.1,5.2,2016,55.99065092592596,14.17063888888888,86217
Kristianstad,4.1,7.7,2020,55.99065092592596,14.17063888888888,86217
Kristinehamn,3.9,6.0,2016,59.32286888888889,14.065055555555556,24190
Kristinehamn,4.3,7.4,2020,59.32286888888889,14.065055555555556,24190
Krokom,1.8,5.2,2016,63.35727333333334,14.45252666666667,15054
Krokom,3.7,6.6,2020,63.35727333333334,14.45252666666667,15054
Kumla,2.1,4.8,2016,59.13159696969697,15.123069696969688,21862
Kumla,3.0,6.9,2020,59.13159696969697,15.123069696969688,21862
Kungälv,3.4,6.0,2016,57.87302727272732,11.935569090909093,47050
Kungälv,2.9,6.2,2020,57.87302727272732,11.935569090909093,47050
Kungsbacka,3.3,7.4,2016,57.47021999999998,12.03516375,84930
Kungsbacka,5.2,9.5,2020,57.47021999999998,12.03516375,84930
Kungsör,3.1,7.5,2016,59.43984444444445,16.095416666666665,8745
Kungsör,4.5,8.6,2020,59.43984444444445,16.095416666666665,8745
Laholm,4.2,5.8,2016,56.50058749999998,13.0323675,25967
Laholm,6.5,7.8,2020,56.50058749999998,13.0323675,25967
Landskrona,1.6,3.5,2016,55.882522916666666,12.834258333333327,46305
Landskrona,1.7,3.9,2020,55.882522916666666,12.834258333333327,46305
Laxå,3.8,4.0,2016,58.99250416666669,14.603116666666663,5659
Laxå,4.4,5.5,2020,58.99250416666669,14.603116666666663,5659
Lekeberg,2.8,5.1,2016,59.17031428571428,14.845299999999998,8472
Lekeberg,3.9,6.0,2020,59.17031428571428,14.845299999999998,8472
Leksand,2.1,6.0,2016,60.731778125000005,14.995415625000003,15801
Leksand,4.2,6.9,2020,60.731778125000005,14.995415625000003,15801
Lerum,1.8,5.1,2016,57.80651111111117,12.301466666666675,43020
Lerum,3.6,7.3,2020,57.80651111111117,12.301466666666675,43020
Lessebo,2.1,4.1,2016,56.7519,15.2697,8655
Lessebo,2.2,4.7,2020,56.7519,15.2697,8655
Lidingö,1.9,5.0,2016,59.365438333333366,18.12794666666665,48005
Lidingö,4.3,7.4,2020,59.365438333333366,18.12794666666665,48005
Lidingö,4.3,7.4,2020,59.365438333333366,18.12794666666665,48005
Lidköping,2.6,7.9,2016,58.478290909090944,13.130585454545445,40328
Lidköping,3.1,7.7,2020,58.478290909090944,13.130585454545445,40328
Lilla Edet,4.5,10.1,2016,58.11892857142856,12.147839285714284,14282
Lilla Edet,7.6,9.7,2020,58.11892857142856,12.147839285714284,14282
Lindesberg,1.5,3.7,2016,59.58611777777778,15.24193777777778,23658
Lindesberg,3.7,5.6,2020,59.58611777777778,15.24193777777778,23658
Linköping,2.4,5.0,2016,58.41754378109445,15.60407064676619,164616
Linköping,2.8,6.9,2020,58.41754378109445,15.60407064676619,164616
Ljungby,0.7,2.3,2016,56.80546829268295,13.919197560975617,28401
Ljungby,1.2,3.0,2020,56.80546829268295,13.919197560975617,28401
Ljusdal,2.6,6.6,2016,61.808367857142855,15.997407142857138,18867
Ljusdal,3.2,8.3,2020,61.808367857142855,15.997407142857138,18867
Ljusnarsberg,2.7,8.6,2016,59.89493529411764,14.986558823529416,4674
Ljusnarsberg,4.6,9.4,2020,59.89493529411764,14.986558823529416,4674
Lomma,1.3,2.5,2016,55.68710588235293,13.050547058823534,24876
Lomma,1.5,3.3,2020,55.68710588235293,13.050547058823534,24876
Ludvika,2.5,7.0,2016,60.14683076923073,15.116867307692305,26604
Ludvika,3.2,7.4,2020,60.14683076923073,15.116867307692305,26604
Luleå,1.8,4.9,2016,65.61214202898549,22.13445942028982,78549
Luleå,3.8,6.5,2020,65.61214202898549,22.13445942028982,78549
Lund,1.5,3.9,2016,55.70102352941178,13.213920588235304,125941
Lund,2.5,4.9,2020,55.70102352941178,13.213920588235304,125941
Lycksele,3.7,13.2,2016,64.67178857142855,18.660837142857133,12324
Lycksele,4.5,14.9,2020,64.67178857142855,18.660837142857133,12324
Lysekil,1.5,5.9,2016,58.31920731707319,11.44516585365853,14366
Lysekil,4.7,8.3,2020,58.31920731707319,11.44516585365853,14366
Malå,4.4,11.8,2016,65.2061,18.75303333333333,3024
Malå,6.3,12.7,2020,65.2061,18.75303333333333,3024
Malmö,1.4,3.2,2016,55.60333658969748,13.003550088809796,347949
Malmö,1.4,3.4,2020,55.60333658969748,13.003550088809796,347949
Mariestad,5.1,9.4,2016,58.63654166666663,13.871930555555547,24513
Mariestad,4.2,9.3,2020,58.63654166666663,13.871930555555547,24513
Mark,2.8,4.9,2016,57.47565660377357,12.614752830188673,34896
Mark,3.8,6.8,2020,57.47565660377357,12.614752830188673,34896
Markaryd,,2.3,2016,56.49996296296296,13.650344444444444,10373
Markaryd,1.3,4.2,2020,56.49996296296296,13.650344444444444,10373
Mellerud,2.3,5.6,2016,58.72681904761905,12.418590476190476,9312
Mellerud,1.9,7.1,2020,58.72681904761905,12.418590476190476,9312
Mjölby,2.6,5.4,2016,58.36916714285712,15.17452571428572,27960
Mjölby,2.7,6.6,2020,58.36916714285712,15.17452571428572,27960
Mölndal,2.0,4.5,2016,57.631622352941264,12.036796470588223,69901
Mölndal,2.7,6.1,2020,57.631622352941264,12.036796470588223,69901
Mönsterås,0.9,4.3,2016,57.039203125000014,16.341443750000003,13264
Mönsterås,1.2,3.8,2020,57.039203125000014,16.341443750000003,13264
Mora,3.6,8.8,2016,60.98937027027028,14.570148648648654,20492
Mora,4.7,8.0,2020,60.98937027027028,14.570148648648654,20492
Mörbylånga,,2.9,2016,56.62342499999998,16.442424999999997,15487
Mörbylånga,1.5,2.7,2020,56.62342499999998,16.442424999999997,15487
Motala,3.0,6.2,2016,58.53874285714287,15.11385535714287,43640
Motala,3.2,6.9,2020,58.53874285714287,15.11385535714287,43640
Mullsjö,,6.4,2016,57.91290625,13.893199999999998,7385
Mullsjö,1.5,6.6,2020,57.91290625,13.893199999999998,7385
Munkedal,3.3,7.1,2016,58.47760588235294,11.663470588235294,10582
Munkedal,5.2,9.1,2020,58.47760588235294,11.663470588235294,10582
Munkfors,,5.8,2016,59.85403333333334,13.554308333333331,3725
Munkfors,3.0,8.6,2020,59.85403333333334,13.554308333333331,3725
Nacka,3.3,5.6,2016,59.30361760000001,18.209370400000008,106505
Nacka,3.9,6.6,2020,59.30361760000001,18.209370400000008,106505
Nacka,3.9,6.6,2020,59.30361760000001,18.209370400000008,106505
Nässjö,1.3,3.4,2016,57.638576363636346,14.669800000000004,31563
Nässjö,2.5,4.8,2020,57.638576363636346,14.669800000000004,31563
Nora,2.0,3.7,2016,59.52281578947369,14.977700000000004,10686
Nora,2.9,6.9,2020,59.52281578947369,14.977700000000004,10686
Norberg,3.8,9.3,2016,60.06094666666669,15.915,5729
Norberg,6.5,11.4,2020,60.06094666666669,15.915,5729
Nordanstig,3.8,9.2,2016,61.9400857142857,17.218799999999998,9483
Nordanstig,3.6,9.8,2020,61.9400857142857,17.218799999999998,9483
Nordmaling,2.4,6.6,2016,63.58994374999999,19.51576875,7108
Nordmaling,2.9,8.0,2020,63.58994374999999,19.51576875,7108
Norrköping,0.9,2.6,2016,58.598326842105,16.171634210526356,143478
Norrköping,1.6,3.8,2020,58.598326842105,16.171634210526356,143478
Norrtälje,4.7,8.9,2016,59.82131176470588,18.64015647058823,63673
Norrtälje,6.0,10.5,2020,59.82131176470588,18.64015647058823,63673
Norrtälje,6.0,10.5,2020,59.82131176470588,18.64015647058823,63673
Norsjö,4.6,7.9,2016,64.9036111111111,19.6485,3945
Norsjö,4.9,15.3,2020,64.9036111111111,19.6485,3945
Nybro,1.5,3.6,2016,56.77502444444443,15.865020000000008,20273
Nybro,2.2,3.1,2020,56.77502444444443,15.865020000000008,20273
Nyköping,2.8,6.8,2016,58.75906034482763,16.994574137931014,57071
Nyköping,4.4,7.4,2020,58.75906034482763,16.994574137931014,57071
Nykvarn,6.7,10.4,2016,59.17809375000002,17.4416375,11222
Nykvarn,6.9,10.9,2020,59.17809375000002,17.4416375,11222
Nykvarn,6.9,10.9,2020,59.17809375000002,17.4416375,11222
Nynäshamn,5.0,12.4,2016,58.9463659090909,17.932018181818183,28811
Nynäshamn,5.9,9.9,2020,58.9463659090909,17.932018181818183,28811
Nynäshamn,5.9,9.9,2020,58.9463659090909,17.932018181818183,28811
Ockelbo,5.1,11.6,2016,60.89798750000001,16.506125000000004,5884
Ockelbo,4.9,16.4,2020,60.89798750000001,16.506125000000004,5884
Öckerö,4.6,8.7,2016,57.72485,11.640087499999998,12934
Öckerö,4.2,7.6,2020,57.72485,11.640087499999998,12934
Ödeshög,2.9,6.9,2016,58.301585714285736,14.93208571428571,5338
Ödeshög,2.8,3.6,2020,58.301585714285736,14.93208571428571,5338
Olofström,4.2,4.6,2016,56.347749999999984,14.72694583333333,13311
Olofström,4.1,6.2,2020,56.347749999999984,14.72694583333333,13311
Örebro,1.4,2.8,2016,59.26130684210519,15.219439473684186,156381
Örebro,2.1,4.7,2020,59.26130684210519,15.219439473684186,156381
Örkelljunga,4.7,6.2,2016,56.27533333333335,13.283905555555558,10451
Örkelljunga,6.4,8.9,2020,56.27533333333335,13.283905555555558,10451
Örnsköldsvik,1.4,5.1,2016,63.30139158878504,18.576257943925224,55807
Örnsköldsvik,3.0,5.8,2020,63.30139158878504,18.576257943925224,55807
Orsa,3.6,6.1,2016,61.09262857142858,14.643092857142856,6877
Orsa,7.0,8.3,2020,61.09262857142858,14.643092857142856,6877
Orust,2.5,7.6,2016,58.17411346153847,11.617157692307684,15315
Orust,5.4,9.5,2020,58.17411346153847,11.617157692307684,15315
Osby,2.1,8.7,2016,56.37502083333334,13.993541666666674,13198
Osby,3.5,11.1,2020,56.37502083333334,13.993541666666674,13198
Oskarshamn,2.6,6.6,2016,57.26990222222221,16.422077777777773,27147
Oskarshamn,2.2,5.9,2020,57.26990222222221,16.422077777777773,27147
Österåker,5.3,10.4,2016,59.481966666666665,18.333673809523823,46644
Österåker,5.5,10.0,2020,59.481966666666665,18.333673809523823,46644
Österåker,5.5,10.0,2020,59.481966666666665,18.333673809523823,46644
Östersund,1.6,4.0,2016,63.16879391891885,14.638939189189207,63985
Östersund,2.7,5.7,2020,63.16879391891885,14.638939189189207,63985
Östhammar,3.7,8.9,2016,60.19191860465114,18.162779069767435,22251
Östhammar,4.4,7.5,2020,60.19191860465114,18.162779069767435,22251
Östhammar,4.4,7.5,2020,60.19191860465114,18.162779069767435,22251
Östra Göinge,3.9,6.9,2016,56.188840000000006,14.104459999999998,15017
Östra Göinge,4.6,10.9,2020,56.188840000000006,14.104459999999998,15017
Ovanåker,3.3,5.3,2016,61.3447724137931,15.898734482758618,11672
Ovanåker,3.2,7.6,2020,61.3447724137931,15.898734482758618,11672
Överkalix,0.0,3.6,2016,66.28810833333333,22.798033333333333,3289
Överkalix,5.3,6.3,2020,66.28810833333333,22.798033333333333,3289
Övertorneå,0.0,,2016,66.42777857142855,23.638364285714285,4217
Övertorneå,4.7,,2020,66.42777857142855,23.638364285714285,4217
Oxelösund,4.1,5.3,2016,58.674523809523805,17.09704285714285,11995
Oxelösund,5.1,9.0,2020,58.674523809523805,17.09704285714285,11995
Pajala,2.2,3.0,2016,67.21007368421054,22.99225789473684,5966
Pajala,2.1,7.1,2020,67.21007368421054,22.99225789473684,5966
Partille,1.6,4.7,2016,57.7345673469388,12.098453061224497,39512
Partille,3.0,5.7,2020,57.7345673469388,12.098453061224497,39512
Perstorp,3.6,8.2,2016,56.15350624999999,13.432225000000004,7476
Perstorp,2.3,9.1,2020,56.15350624999999,13.432225000000004,7476
Piteå,2.3,5.2,2016,65.34648953488369,21.36863139534884,42226
Piteå,3.6,6.7,2020,65.34648953488369,21.36863139534884,42226
Ragunda,2.5,3.3,2016,62.9479,16.590166666666665,5208
Ragunda,,5.3,2020,62.9479,16.590166666666665,5208
Rättvik,1.7,2.8,2016,60.89294,15.103625,11047
Rättvik,3.6,8.6,2020,60.89294,15.103625,11047
Robertsfors,3.0,9.4,2016,64.1588,20.80325,6748
Robertsfors,3.7,7.4,2020,64.1588,20.80325,6748
Ronneby,2.3,4.5,2016,56.24347727272729,15.307904545454544,29372
Ronneby,3.7,5.9,2020,56.24347727272729,15.307904545454544,29372
Säffle,3.2,4.2,2016,59.16111379310344,12.902958620689658,15420
Säffle,2.8,5.8,2020,59.16111379310344,12.902958620689658,15420
Sala,5.8,9.0,2016,59.89841714285716,16.56838857142858,22867
Sala,6.4,10.3,2020,59.89841714285716,16.56838857142858,22867
Salem,5.5,10.6,2016,59.20000000000002,17.733299999999993,16959
Salem,5.4,10.1,2020,59.20000000000002,17.733299999999993,16959
Salem,5.4,10.1,2020,59.20000000000002,17.733299999999993,16959
Sandviken,6.4,10.0,2016,60.586747761194026,16.71037761194031,39290
Sandviken,4.6,9.0,2020,60.586747761194026,16.71037761194031,39290
Säter,4.5,6.4,2016,60.38383888888888,15.598383333333327,11161
Säter,7.1,5.4,2020,60.38383888888888,15.598383333333327,11161
Sävsjö,2.5,5.4,2016,57.40680526315787,14.638368421052627,11721
Sävsjö,2.4,5.5,2020,57.40680526315787,14.638368421052627,11721
Simrishamn,1.3,3.5,2016,55.567890000000006,14.246711999999995,19227
Simrishamn,1.8,4.3,2020,55.567890000000006,14.246711999999995,19227
Sjöbo,3.2,5.9,2016,55.62652692307692,13.724069230769231,19412
Sjöbo,4.4,7.4,2020,55.62652692307692,13.724069230769231,19412
Skara,2.2,5.0,2016,58.39462692307695,13.43791923076923,18695
Skara,3.1,8.7,2020,58.39462692307695,13.43791923076923,18695
Skellefteå,3.8,8.2,2016,64.76634424778756,20.766020353982327,72840
Skellefteå,5.1,8.8,2020,64.76634424778756,20.766020353982327,72840
Skinnskatteberg,4.4,4.2,2016,59.84888181818182,15.701299999999998,4366
Skinnskatteberg,4.5,5.6,2020,59.84888181818182,15.701299999999998,4366
Skövde,2.5,4.4,2016,58.40941549295775,13.83455352112676,56791
Skövde,2.3,6.0,2020,58.40941549295775,13.83455352112676,56791
Skurup,1.6,3.6,2016,55.46347999999999,13.545183333333334,16042
Skurup,2.3,5.2,2020,55.46347999999999,13.545183333333334,16042
Smedjebacken,2.5,5.5,2016,60.13507826086958,15.44405652173913,10854
Smedjebacken,4.8,8.5,2020,60.13507826086958,15.44405652173913,10854
Söderhamn,5.2,5.5,2016,61.30158372093023,17.047402325581395,25492
Söderhamn,5.7,6.6,2020,61.30158372093023,17.047402325581395,25492
Söderköping,1.4,4.3,2016,58.43744999999999,16.315112499999998,14616
Söderköping,2.4,4.6,2020,58.43744999999999,16.315112499999998,14616
Södertälje,4.4,8.4,2016,59.16960857142855,17.612682857142843,100111
Södertälje,4.2,7.8,2020,59.16960857142855,17.612682857142843,100111
Södertälje,4.2,7.8,2020,59.16960857142855,17.612682857142843,100111
Sollefteå,0.9,4.6,2016,63.17388181818185,17.21101136363637,18872
Sollefteå,1.6,5.2,2020,63.17388181818185,17.21101136363637,18872
Solna,2.2,5.5,2016,59.35754071856274,18.006005988023947,83162
Solna,3.6,7.6,2020,59.35754071856274,18.006005988023947,83162
Solna,3.6,7.6,2020,59.35754071856274,18.006005988023947,83162
Sölvesborg,2.3,5.9,2016,56.05936451612907,14.573967741935496,17456
Sölvesborg,6.3,10.0,2020,56.05936451612907,14.573967741935496,17456
Sorsele,,6.5,2016,65.394925,17.68455,2442
Sorsele,,6.7,2020,65.394925,17.68455,2442
Sotenäs,3.3,5.3,2016,58.3765157894737,11.264015789473683,9100
Sotenäs,5.8,9.8,2020,58.3765157894737,11.264015789473683,9100
Staffanstorp,2.2,5.9,2016,55.65203666666668,13.197426666666669,25883
Staffanstorp,3.5,6.7,2020,55.65203666666668,13.197426666666669,25883
Stenungsund,2.5,6.2,2016,58.05593846153848,11.83360512820513,27044
Stenungsund,2.8,4.3,2020,58.05593846153848,11.83360512820513,27044
Stockholm,2.9,6.0,2016,59.32567250922502,18.012277736777563,975551
Stockholm,4.1,7.6,2020,59.32567250922502,18.012277736777563,975551
Stockholm,4.1,7.6,2020,59.32567250922502,18.012277736777563,975551
Storfors,5.2,8.1,2016,59.53179999999999,14.272000000000002,3990
Storfors,6.6,10.7,2020,59.53179999999999,14.272000000000002,3990
Storuman,7.7,9.9,2016,65.1247888888889,17.059816666666666,5826
Storuman,10.2,14.6,2020,65.1247888888889,17.059816666666666,5826
Strängnäs,2.8,6.1,2016,59.34027500000005,17.06807499999999,37290
Strängnäs,4.0,8.1,2020,59.34027500000005,17.06807499999999,37290
Strömstad,3.1,6.0,2016,58.91881714285714,11.202022857142858,13244
Strömstad,2.5,4.6,2020,58.91881714285714,11.202022857142858,13244
Strömsund,1.4,2.7,2016,63.876544117647065,15.51994999999999,11488
Strömsund,2.9,6.2,2020,63.876544117647065,15.51994999999999,11488
Sundbyberg,1.9,4.8,2016,59.36091538461536,17.9726846153846,52801
Sundbyberg,2.8,6.3,2020,59.36091538461536,17.9726846153846,52801
Sundbyberg,2.8,6.3,2020,59.36091538461536,17.9726846153846,52801
Sundsvall,1.9,4.6,2016,62.389248473282215,17.296533969465717,99439
Sundsvall,2.5,5.9,2020,62.389248473282215,17.296533969465717,99439
Sunne,3.1,4.1,2016,59.84491304347826,13.134913043478258,13335
Sunne,3.3,4.8,2020,59.84491304347826,13.134913043478258,13335
Surahammar,2.4,6.4,2016,59.71210625000001,16.210500000000003,10092
Surahammar,6.3,8.4,2020,59.71210625000001,16.210500000000003,10092
Svalöv,2.7,6.9,2016,55.93480833333334,13.106533333333337,14276
Svalöv,3.4,9.0,2020,55.93480833333334,13.106533333333337,14276
Svedala,4.3,7.5,2016,55.512514814814814,13.22903703703703,22665
Svedala,4.5,8.5,2020,55.512514814814814,13.22903703703703,22665
Svenljunga,1.7,4.6,2016,57.45277187499999,13.058665624999998,10751
Svenljunga,1.7,5.6,2020,57.45277187499999,13.058665624999998,10751
Täby,3.3,6.3,2016,59.444308108108245,18.06842612612615,72755
Täby,4.3,8.7,2020,59.444308108108245,18.06842612612615,72755
Täby,4.3,8.7,2020,59.444308108108245,18.06842612612615,72755
Tanum,4.3,9.2,2016,58.69234583333333,11.31852083333333,12912
Tanum,4.7,8.2,2020,58.69234583333333,11.31852083333333,12912
Tibro,1.6,6.2,2016,58.43938181818182,14.152531818181814,11297
Tibro,1.7,6.7,2020,58.43938181818182,14.152531818181814,11297
Tidaholm,4.9,11.7,2016,58.18011249999999,13.941220833333333,12790
Tidaholm,4.5,8.6,2020,58.18011249999999,13.941220833333333,12790
Tierp,1.8,7.4,2016,60.3241731707317,17.515065853658538,21327
Tierp,4.0,7.5,2020,60.3241731707317,17.515065853658538,21327
Tierp,4.0,7.5,2020,60.3241731707317,17.515065853658538,21327
Timrå,3.4,6.1,2016,62.48419499999999,17.330995,17963
Timrå,4.2,7.1,2020,62.48419499999999,17.330995,17963
Tingsryd,,4.0,2016,56.54716000000001,14.963806666666672,12369
Tingsryd,2.8,5.6,2020,56.54716000000001,14.963806666666672,12369
Tjörn,2.5,7.3,2016,57.98688249999999,11.611787499999997,16147
Tjörn,3.8,5.5,2020,57.98688249999999,11.611787499999997,16147
Tomelilla,2.3,5.3,2016,55.56181304347827,13.984256521739123,13663
Tomelilla,4.0,7.6,2020,55.56181304347827,13.984256521739123,13663
Töreboda,3.8,11.4,2016,58.683244000000016,14.121684,9281
Töreboda,6.6,12.7,2020,58.683244000000016,14.121684,9281
Torsås,,4.3,2016,56.438244,16.039952000000003,7149
Torsås,2.0,6.5,2020,56.438244,16.039952000000003,7149
Torsby,1.9,3.5,2016,60.25510399999999,13.007987999999996,11549
Torsby,3.0,6.0,2020,60.25510399999999,13.007987999999996,11549
Tranås,1.2,5.1,2016,58.031071052631575,14.943268421052638,18903
Tranås,1.9,5.6,2020,58.031071052631575,14.943268421052638,18903
Tranemo,1.0,2.2,2016,57.53374871794873,13.390592307692309,11885
Tranemo,1.1,5.4,2020,57.53374871794873,13.390592307692309,11885
Trelleborg,3.3,7.3,2016,55.389396491228105,13.203154385964906,45877
Trelleborg,3.4,7.5,2020,55.389396491228105,13.203154385964906,45877
Trollhättan,1.7,4.7,2016,58.2793114754098,12.281237704918016,59249
Trollhättan,3.2,6.4,2020,58.2793114754098,12.281237704918016,59249
Trosa,3.4,9.4,2016,58.907577777777774,17.499759259259257,14309
Trosa,8.3,13.0,2020,58.907577777777774,17.499759259259257,14309
Tyresö,4.0,8.1,2016,59.23528936170212,18.30191063829786,48678
Tyresö,4.8,10.3,2020,59.23528936170212,18.30191063829786,48678
Tyresö,4.8,10.3,2020,59.23528936170212,18.30191063829786,48678
Uddevalla,1.2,3.0,2016,58.3161135135135,11.936189189189196,56787
Uddevalla,2.3,4.1,2020,58.3161135135135,11.936189189189196,56787
Ulricehamn,0.6,3.1,2016,57.81299302325581,13.408327906976744,24704
Ulricehamn,1.8,3.9,2020,57.81299302325581,13.408327906976744,24704
Umeå,1.9,4.4,2016,63.83457129629646,20.260061111111103,130224
Umeå,2.3,4.6,2020,63.83457129629646,20.260061111111103,130224
Uppsala,2.3,5.8,2016,59.86716459854032,17.658267883211696,233839
Uppsala,3.1,6.7,2020,59.86716459854032,17.658267883211696,233839
Uppsala,3.1,6.7,2020,59.86716459854032,17.658267883211696,233839
Uppvidinge,2.0,4.6,2016,57.10058333333334,15.365716666666666,9498
Uppvidinge,1.9,5.5,2020,57.10058333333334,15.365716666666666,9498
Vadstena,,8.0,2016,58.44975999999997,14.886720000000002,7423
Vadstena,1.9,7.7,2020,58.44975999999997,14.886720000000002,7423
Vaggeryd,0.8,3.2,2016,57.49003333333334,14.116976190476194,14532
Vaggeryd,1.3,4.0,2020,57.49003333333334,14.116976190476194,14532
Valdemarsvik,2.6,3.8,2016,58.21631666666664,16.608705555555563,7737
Valdemarsvik,2.3,3.3,2020,58.21631666666664,16.608705555555563,7737
Vallentuna,4.2,11.5,2016,59.533404347826085,18.09420217391304,34119
Vallentuna,5.8,12.9,2020,59.533404347826085,18.09420217391304,34119
Vallentuna,5.8,12.9,2020,59.533404347826085,18.09420217391304,34119
Vänersborg,1.7,3.6,2016,58.3780745454546,12.337658181818169,39624
Vänersborg,1.9,5.0,2020,58.3780745454546,12.337658181818169,39624
Vännäs,,5.9,2016,63.91176874999999,19.771387500000003,8997
Vännäs,1.9,7.5,2020,63.91176874999999,19.771387500000003,8997
Vansbro,2.1,6.6,2016,60.46333571428571,14.499821428571428,6801
Vansbro,6.3,8.7,2020,60.46333571428571,14.499821428571428,6801
Vara,4.8,10.7,2016,58.27788620689655,13.014831034482754,16096
Vara,4.0,10.2,2020,58.27788620689655,13.014831034482754,16096
Varberg,3.6,6.4,2016,57.12225166666664,12.282963333333347,65397
Varberg,5.8,8.5,2020,57.12225166666664,12.282963333333347,65397
Vårgårda,1.7,4.7,2016,58.03403913043478,12.778995652173911,11946
Vårgårda,,5.3,2020,58.03403913043478,12.778995652173911,11946
Värmdö,3.3,8.0,2016,59.333863513513485,18.464564864864872,45566
Värmdö,4.5,9.4,2020,59.333863513513485,18.464564864864872,45566
Värmdö,4.5,9.4,2020,59.333863513513485,18.464564864864872,45566
Värnamo,1.0,2.7,2016,57.18556530612247,14.03074693877551,34530
Värnamo,2.0,3.8,2020,57.18556530612247,14.03074693877551,34530
Västerås,1.9,4.7,2016,59.61516770186356,16.55133354037264,155551
Västerås,3.3,6.5,2020,59.61516770186356,16.55133354037264,155551
Västervik,3.2,6.5,2016,57.79942878787882,16.55428484848484,36655
Västervik,4.5,7.8,2020,57.79942878787882,16.55428484848484,36655
Vaxholm,2.5,5.8,2016,59.40227826086956,18.35246521739132,11886
Vaxholm,5.6,8.8,2020,59.40227826086956,18.35246521739132,11886
Vaxholm,5.6,8.8,2020,59.40227826086956,18.35246521739132,11886
Växjö,1.4,3.7,2016,56.87726630434784,14.812383695652157,94859
Växjö,2.2,4.8,2020,56.87726630434784,14.812383695652157,94859
Vellinge,2.5,4.9,2016,55.441327272727314,12.955487272727272,36915
Vellinge,3.0,6.7,2020,55.441327272727314,12.955487272727272,36915
Vetlanda,2.3,5.4,2016,57.44515999999996,15.092022857142862,27502
Vetlanda,2.6,6.5,2020,57.44515999999996,15.092022857142862,27502
Vilhelmina,3.5,9.0,2016,64.56896363636363,16.894954545454542,6539
Vilhelmina,7.2,12.7,2020,64.56896363636363,16.894954545454542,6539
Vimmerby,1.4,4.5,2016,57.680040476190456,15.9081619047619,15672
Vimmerby,2.4,6.9,2020,57.680040476190456,15.9081619047619,15672
Vindeln,3.3,7.4,2016,64.25790714285714,19.57968571428572,5485
Vindeln,5.5,6.4,2020,64.25790714285714,19.57968571428572,5485
Vingåker,3.1,5.9,2016,59.13092666666668,16.03093333333333,9144
Vingåker,5.3,7.1,2020,59.13092666666668,16.03093333333333,9144
Vingåker,5.3,7.1,2020,59.13092666666668,16.03093333333333,9144
Ystad,2.1,3.7,2016,55.45339622641511,13.816128301886788,30970
Ystad,2.3,4.6,2020,55.45339622641511,13.816128301886788,30970
Upplands Väsby,6.3,9.8,2020,59.52182499999997,17.90558382352944,47184
Upplands Väsby,6.3,9.8,2020,59.52182499999997,17.90558382352944,47184
Sollentuna,4.4,6.9,2020,59.42820921052628,17.952450000000027,73990
Sollentuna,4.4,6.9,2020,59.42820921052628,17.952450000000027,73990
Sigtuna,3.6,6.6,2020,59.60616470588235,17.736970588235295,49537
Sigtuna,3.6,6.6,2020,59.60616470588235,17.736970588235295,49537
